lat,lng,value
39.6246643992,116.302527749,13
39.966745279,116.301682105,106
40.0814466234,116.357997387,39
40.0156779324,116.411917453,5
40.0478549793,116.410521213,46
39.9674072494,116.42201928,43
40.0644267192,116.555099497,12
39.9778402965,116.411246982,46
39.9556821025,116.433449074,54
40.0273502983,116.44527778,28
39.9946877645,116.225277321,5
39.9336138793,116.675248536,8
39.931551973,116.589054873,6
40.0709546537,116.283379093,2
39.8578067182,116.485515993,11
40.0439844463,116.32250121,24
40.1258145831,116.671242329,4
40.0529601348,116.25807607,5
39.6929147895,116.355952125,1
39.8861530578,116.5553153,3
39.7611593125,116.288532217,1
40.0034275563,116.58142274,1
39.9453218958,116.175845321,1
39.9432293544,116.196530301,1
39.9274695186,116.168153349,15
39.8616929914,116.36768838,44
39.9998373063,116.42354971,116
40.0051865448,116.41140402,173
39.9777616714,116.354894417,45
39.9772990619,116.304689263,48
39.8893538743,116.311644819,22
40.017394477,116.303707954,1
39.960607882,116.444727645,75
40.0987529177,116.584873119,23
40.0614796353,116.42229184,21
39.785731796,116.334864973,14
39.9283853979,116.378371236,42
39.9071485211,116.707977122,3
39.8619345973,116.563714622,2
40.0604600155,116.250787837,2
39.8349171558,116.282214058,10
40.0230755922,116.509905127,7
40.3669613591,116.681174629,1
40.0702103886,116.555241791,12
40.3136350339,116.639731383,9
39.6311956813,116.39930292,1
40.2332070175,116.170796103,2
39.9000605917,116.246050112,61
39.9449130769,116.356821581,68
39.9889363827,116.457290732,47
39.895294012,116.365901576,30
39.8627031913,116.55669855,3
39.9648762732,116.500823273,27
39.8463569562,116.571121983,2
39.9285765723,116.302861163,16
39.8254841594,116.210689131,3
40.0702378806,116.312022212,15
39.8500319997,116.564724909,12
40.079513217,116.57181914,1
39.8059265128,116.44357991,16
39.9782523905,116.459585162,21
39.8934325637,116.697753902,2
39.7864969581,116.515462622,8
40.0656024892,116.272868696,3
39.8915751934,116.227696661,14
39.8295674923,116.288714241,6
39.6888448775,115.982202662,1
40.0973699867,116.552057982,1
40.0467636466,116.202723078,1
40.1261803122,116.45046023,1
39.9498070927,116.456977551,183
39.8849266834,116.522063145,13
39.8734649313,116.455528255,65
39.8679401933,116.664149276,16
39.9562444341,116.281062065,90
39.9169718394,116.553379519,29
39.9938730921,116.202817982,8
39.9049830171,116.236980924,48
39.978745672,116.433209709,51
39.9673696888,116.333029921,49
40.0818790945,116.401257441,5
39.8847160312,116.607328611,14
40.0622912158,116.440285096,6
40.2248472497,116.245291321,5
39.6582573895,116.064707471,2
40.1323163374,116.429952209,3
39.8796079922,116.68533921,16
39.7923066259,116.445194129,2
40.1164192237,116.540052327,1
40.2148607057,116.673518526,3
40.1274179814,116.49216783,4
39.7252430698,116.116779238,3
40.0484607311,116.174230612,4
40.0661546337,116.114777065,1
39.8563835008,116.225936258,2
40.0642498327,116.574500139,4
40.0021278212,116.570323893,1
39.8372453796,116.358986068,1
40.1870090157,116.191860195,1
40.3373149957,116.822740072,1
39.9172006759,116.521100547,91
40.0874348377,116.301886787,27
39.9894695122,116.335621899,75
39.8674155866,116.356765501,18
40.0146876167,116.320792701,9
39.8578952143,116.443561932,46
39.9401163063,116.434635338,180
39.9726133961,116.390462113,40
39.8773983538,116.701083965,2
39.8843161336,116.476278901,80
39.9123853083,116.522895854,51
39.8743850156,116.490447647,20
40.0766051901,116.302957799,15
39.8942527099,116.653512034,21
39.6705639996,116.320913191,19
39.7793391054,116.380049681,3
40.1678957422,116.245151868,2
39.9743250868,116.215616591,1
39.823745194,116.335408013,15
40.0170242598,116.506904847,2
39.9500457743,116.256239759,10
40.3690928252,116.842546933,1
40.2342351733,116.169252446,7
39.8623374174,116.265791844,9
40.1140601387,116.342387363,2
39.89633562,116.197127355,1
40.1713977427,116.555537317,1
39.8774570036,116.232578666,5
39.9452550976,116.661280297,1
40.1216365767,116.596850339,1
40.0493755825,116.612466731,17
39.8622680355,116.401863636,43
40.1033070042,116.554089672,31
39.9666517661,116.480237895,39
39.8779660635,116.632488531,26
40.0106675586,116.353349134,40
39.9603376753,116.542439174,36
39.9401339293,116.104533126,8
39.9755965178,116.400121572,10
40.163069156,116.306740395,1
40.0521164884,116.266673388,1
39.878362829,116.356292499,35
40.1698577017,116.426931325,6
39.7728976826,116.791160271,2
39.9043780323,116.110822567,5
40.1947646401,116.665511327,1
39.902142803,116.564107865,6
40.1037392919,116.432160776,5
39.9258462852,116.563646652,1
40.0873111746,116.276326189,3
39.7014031128,116.356652443,1
40.1089561632,116.692875434,1
39.9687479317,116.688803632,1
39.9584696631,116.73341262,1
40.0757595075,116.567457865,1
39.6522860349,116.640999709,1
40.0802069348,116.589887371,543
40.0109438205,116.346764931,16
39.8677448546,116.292646129,49
39.8959090785,116.355841406,33
39.8320272018,116.430038978,2
40.0873173647,116.31334664,7
39.9601155899,116.564648677,16
39.9721387825,116.302919084,85
39.7632357856,116.498706232,15
40.0327679453,116.441359467,26
39.8672822923,116.682441056,14
39.8452457941,116.387874881,35
39.7369014509,116.335170515,16
39.8899959678,116.520923027,7
40.0369570644,116.312857524,23
40.0667875386,116.335029575,18
39.8350978148,116.432290982,5
40.0059977282,116.487782575,19
39.9398537642,116.541834278,3
39.726943299,115.959846316,1
39.8640666603,116.235392377,5
40.2221195676,116.176628636,1
40.0067971891,116.323235641,5
39.8837824764,116.561438789,1
40.4662338493,115.985235919,1
40.3674597476,116.819756185,2
39.9290490218,116.543495102,2
39.9382380308,116.839775379,1
39.8310773588,116.388806052,2
39.7532212015,116.365348949,2
39.9639217501,116.715716224,1
40.009194262,116.37873406,42
39.7533817806,116.488025731,23
39.8948585653,116.500658293,86
40.1269300844,116.652073298,38
40.0705517577,116.43459628,37
39.9114382055,116.553290888,39
40.0399321832,116.261968587,1
39.8896449453,116.256869913,42
39.9173192941,116.338092915,29
40.0481170781,116.596923274,12
40.1403934968,116.761168976,1
40.0441293652,116.56424912,6
39.8358867664,116.342081364,11
40.0269755036,116.627459286,22
39.9287528629,116.288702874,21
40.1158867581,116.257704334,6
39.8894240994,116.566054959,2
40.0478254496,116.183342129,7
39.8028868597,116.369057233,3
39.9333726884,116.688288783,14
40.0683289857,116.40333593,2
40.2341138211,116.33115114,1
40.1731091103,116.232331734,1
40.0932381534,116.311700109,3
40.3797167332,116.862492266,1
40.2345177984,116.128093785,1
40.2422868333,116.207710211,2
39.6210050625,116.325686787,1
40.1065342672,116.117642368,1
39.7893164063,116.532072754,1
39.9393244086,116.199909668,2
39.7587811425,116.381506462,1
39.9002081548,116.26954147,34
39.9940449145,116.379712298,30
40.0314002918,116.334929417,146
39.9612086273,116.281347487,84
39.8786603432,116.324506871,71
39.8173477084,116.31122466,6
39.8627458824,116.442555715,12
39.840558335,116.380685946,42
39.8022486091,116.379970048,4
39.8292684148,116.503135961,11
39.9667793663,116.344151496,69
40.0143641283,116.528688871,8
39.7339917836,116.191755841,3
39.8363233572,116.424249883,14
40.2836688609,116.690306886,1
39.8182966664,116.332388715,11
39.8644640134,116.537695902,1
40.362730165,115.983280793,1
39.9386153405,116.687978443,7
39.8433559353,116.175733033,1
39.8561628502,116.576935893,1
39.8814186093,116.527994098,1
40.3759171549,116.842597114,1
40.1757412639,116.354526118,1
40.0272285284,116.32373946,3
39.7645559353,116.42006212,1
40.206825918,116.55283643,1
40.3169441058,116.63371697,6
39.8574075009,116.434964585,64
39.9069893163,116.376721367,128
40.0656576074,116.346523894,46
39.9060038455,116.225445234,108
39.8777754194,116.649092813,6
39.9564436411,116.335472847,47
39.971996935,116.249479487,9
39.9317961342,116.598719348,6
39.9398598068,116.652767313,4
39.8578658149,116.47825083,22
39.915928225,116.597948142,8
39.7195537127,116.708208718,1
40.0388843679,116.222004225,2
40.1206221088,116.411964808,5
39.9727629783,116.224297016,4
40.1358443485,116.498720881,1
39.6358089193,116.320138889,1
39.7152737088,116.423623589,1
39.9275278559,116.61788262,12
39.9232073169,116.323883327,29
39.8116042176,116.547790299,4
39.9234056803,116.335853193,23
39.9222383262,116.55522515,37
39.7923142584,116.398458738,98
39.945274045,116.36840558,64
39.9378022838,116.334503847,27
39.9161501968,116.577795775,12
40.0400480585,116.19269849,7
39.9048101159,116.246730385,33
39.8887807635,116.104579938,5
39.8174851189,116.545345752,4
39.8137466362,116.300896615,9
39.730884628,116.153489636,1
40.0855401429,116.522627098,5
39.6946723878,116.329900354,1
39.7714211697,116.522766113,2
39.8072033892,116.412617106,9
39.837104182,116.621145166,1
40.0084435986,116.256899583,1
39.9722273157,116.583601336,2
40.1007613381,116.431130342,3
40.1309231228,116.260378418,1
39.6323073251,116.323772227,1
39.892265625,116.178266602,1
40.091092233,116.674923019,2
40.0362455024,116.493827938,2
39.9995005891,116.337735079,46
39.9056037741,116.641362149,115
39.8470605489,116.562349311,33
40.0722794649,116.347868261,15
39.8116273878,116.50297267,21
39.923290002,116.486426175,46
40.0322596812,116.376174012,12
39.8672192006,116.443685464,44
39.9232872172,116.345283382,58
39.8617706092,116.345481531,4
40.109382198,116.368244491,16
39.7307058279,116.137537106,13
40.0832895576,116.506481126,6
39.8457057878,116.467586261,18
40.0666291646,116.305603346,9
40.0216535496,116.553414624,2
40.0921399828,116.479732048,3
40.0822743318,116.663737096,3
40.3230500263,116.6444775,4
40.1699127139,116.501643456,1
39.8326348887,116.190412573,1
40.0379993038,116.303964833,5
40.0225782785,116.493688498,1
39.8951421976,116.585683474,5
39.9682062463,116.733749348,1
39.9941734434,116.410991323,95
39.8909608612,116.634417778,13
39.8998670612,116.50004073,102
39.9130737949,116.644470989,20
39.8461660241,116.399939218,24
39.8625493124,116.477715827,68
39.9329344823,116.477945885,95
39.904948309,116.544605027,17
39.9550686199,116.491138278,33
39.8787020076,116.664534774,33
40.2027537017,116.657347609,2
39.8953141327,116.376564383,92
39.8944255308,116.280310415,19
39.8677044658,116.414253055,15
39.9630074052,116.10545422,3
40.0042364275,116.424270377,20
40.1208806479,116.327062716,1
40.1255772674,116.215206885,5
39.9325293307,116.540444494,4
39.8254142774,116.474546973,6
40.0045429514,116.532710967,6
40.4089698121,116.685223835,1
39.6770649825,116.322539103,4
40.032277041,116.297757383,9
40.2249990322,116.377292518,1
40.059226569,116.168954559,3
39.9473976509,116.084270018,1
39.8029035884,116.584735905,1
39.9466086174,116.610153086,1
39.754206543,116.144636502,1
39.8668093483,116.848185177,1
39.9753270494,116.538407941,1
39.8789933868,116.618073932,3
39.9354543728,116.708703342,1
40.0504100954,116.474501058,1
39.9550975616,116.255942151,1
39.9400078495,116.413146873,93
39.9057978525,116.556057497,39
40.0284747985,116.334278068,33
39.9725659867,116.555497335,5
40.0495454006,116.325411079,25
39.9107829088,116.5639409,17
39.955159957,116.31187229,54
39.7419544292,116.334329803,20
39.8989489448,116.550586313,33
39.9724584064,116.543250145,4
39.878171753,116.643845206,7
39.9169115528,116.191741316,20
39.8860432943,116.202959798,1
40.0387443281,116.322569465,29
39.7860921357,116.498178074,15
39.8400312892,116.46802493,17
39.9055055552,116.325769439,40
40.0241337077,116.337144887,1
39.8313503986,116.202045682,1
40.1385796241,116.263179101,2
40.0500034134,116.312525472,12
40.0106866969,116.564341216,12
39.9065803343,116.390106871,22
39.8679046072,116.255703055,12
40.1482898277,116.298664995,3
39.8302461534,116.367828031,3
39.9032501923,116.741162106,2
39.8460336156,116.321693866,20
39.8153278446,116.491359519,1
40.0919921936,116.338881811,5
39.8693112021,116.543242628,4
39.7245131065,116.572163316,1
39.8473339601,116.503394503,1
40.3824050117,116.846517465,1
40.6451442452,117.264598662,1
39.7368122527,116.424204089,1
39.8460272603,116.593554089,1
40.223375422,116.182231096,1
39.6268132414,116.322695583,1
40.0319344623,116.270611513,23
39.9939524044,116.432518418,48
39.7645729762,116.320251322,5
39.8956107284,116.458199498,328
39.956943396,116.346379714,53
39.9550970324,116.408534145,31
39.9115528592,116.268076725,30
39.9115081299,116.432785661,48
40.0801783206,116.569941848,1
39.9339100579,116.369568963,67
39.9225863933,116.256198719,34
39.9010955666,116.255875837,20
40.3360286116,116.64313426,3
39.7241662424,116.140191744,8
40.1055000931,116.692961624,4
40.0768544961,116.358474791,37
39.909937081,116.239481874,4
39.9373944383,116.190567276,2
40.0006309872,116.624319542,1
39.9989176432,116.530526801,1
39.7679728857,116.335853849,11
39.9053333967,116.396621582,31
40.1212070494,116.641386882,4
39.978267086,116.280908674,2
39.8368901946,116.646302041,1
40.194926603,116.547659787,1
39.9461192491,116.542126465,1
39.8107683968,116.263491966,1
40.0672867191,116.537001576,1
39.9711874032,116.435224279,123
39.8362015356,116.473468493,18
39.8283435271,116.55471935,9
40.059673092,116.414221503,114
39.9939274522,116.356788131,31
39.9443461552,116.310585037,76
39.786385927,116.342046686,12
39.8839784579,116.315174556,44
39.7693546563,116.586520995,22
39.7418540066,116.54231911,14
39.7239721678,116.169194486,7
40.1118116361,116.607936403,2
40.1197729985,116.267504027,9
40.0650128627,116.44126501,6
39.7134807665,116.062585917,3
40.0319511622,116.232189908,2
39.8098839457,116.096113825,1
39.7673683414,116.207459703,3
40.1087450392,116.39365521,3
39.882869335,116.542533417,7
40.1800094153,116.400549261,5
40.0822577091,116.280497776,2
40.0661489745,116.236497951,1
39.6933241291,116.261899649,1
39.8632508333,116.661562491,4
39.7388388151,116.149442235,1
39.7490514819,116.382381831,1
39.9694882487,116.520225584,2
40.0692239504,116.561264064,3
40.0680070965,116.167809448,1
39.9987272402,116.213789921,1
40.1233378142,116.200531925,1
39.8343822786,116.291503231,47
39.9340262779,116.434374639,156
39.8894272813,116.281742919,23
39.9839597169,116.477588454,43
39.878749697,116.302563342,19
39.8730282879,116.322257338,21
39.9406292143,116.235775354,5
40.0945980945,116.488853952,3
40.2089606382,116.246727788,4
40.0440929478,116.354308745,16
39.943842542,116.503209736,12
39.9541481704,116.187664006,4
40.1795939117,116.391579341,3
39.8512335013,116.530844965,5
40.0768919507,116.159111786,1
40.1014355115,116.516810099,2
40.0176370574,116.546743211,2
39.8129822841,116.466708312,2
40.1724150013,116.389284351,1
40.2306134803,116.261444935,1
39.9337840712,116.279826281,63
39.9881498974,116.343793519,51
40.0378058912,116.422904552,73
39.9781809938,116.421472101,67
39.9000674759,116.366638158,43
40.0179839104,116.624630108,1
39.9513801122,116.367606894,75
39.8897897757,116.479332539,130
39.9393542962,116.31287663,42
39.9290670166,116.466585335,129
40.0976048389,116.535538439,4
39.9737067549,116.596259361,35
40.0438508361,116.591232101,9
40.114556599,116.367149195,14
39.9161317506,116.301682701,37
39.7928898954,116.35983466,8
39.7580184275,116.312998299,17
40.2362799723,116.132518012,1
39.8094199078,116.473338837,2
40.0166153512,116.270504207,24
39.9063394726,116.489960387,11
39.7650076074,116.381321745,5
39.9235683128,116.172594722,26
40.1206910536,116.300334473,2
40.1007613243,116.519989258,2
39.7426016364,116.187120368,1
40.1521122541,116.280005458,6
39.9522225152,116.738573038,1
39.6558754982,116.574710984,1
39.7898445623,116.378376203,5
40.0782440074,116.274430353,1
39.7626007303,116.353172838,2
40.2358142735,116.398922553,1
40.0860655856,116.401140608,2
40.0388469517,116.248438433,2
39.8202329942,116.558276991,1
39.9053811754,116.62254315,10
39.9229500037,116.355564976,54
39.8149390903,116.33255668,3
39.8954129149,116.507790229,49
39.9175480016,116.454851509,403
39.9282541144,116.512146797,93
39.8587037896,116.466422429,10
39.9176016498,116.687008583,24
40.0091215441,116.553779582,19
39.7908388024,116.491510326,15
39.8108368927,116.213348822,6
39.895040544,116.268566338,25
39.8901544128,116.643282965,42
39.9291477222,116.578005552,16
40.0862642461,116.413822951,19
39.9322258736,116.693712498,4
39.9391931498,116.530851112,7
39.9176906214,116.246906337,11
40.0399637356,116.574354769,2
40.1018640001,116.379761624,5
40.0807118056,116.757183974,1
39.9566991204,116.582757117,8
40.1213328982,116.337582612,2
39.7566583122,116.164650234,1
39.9720898085,116.631588439,2
39.9232091656,116.542713916,6
39.8400027337,116.508940274,2
39.9524351308,116.134649898,1
40.1203497316,116.232857001,1
39.7741307803,116.173891002,1
40.0278174903,116.230332629,1
40.1575616793,116.549694907,2
39.8492217934,116.232710721,2
39.7710610587,116.277323818,1
39.9893358132,116.509625175,5
39.8350400219,116.239726366,17
39.8681375158,116.466302689,66
40.0069152039,116.671530003,2
39.8568729871,116.389946188,39
39.922761873,116.566014276,31
39.8902842692,116.434059057,51
39.8520310081,116.265754461,7
39.974757487,116.688099501,1
39.9560790203,116.303832084,25
40.1003236203,116.369737362,12
39.8153462443,116.282842087,3
40.0491998622,116.302912454,7
39.8640883944,116.309684089,15
39.8361523327,116.468498996,5
39.9381475753,116.110560659,1
39.7627914227,116.489599219,11
40.0448680679,116.184346727,7
40.1182309097,116.588093313,1
39.8969644023,116.142399228,1
40.1390473053,116.303489515,2
39.8895218629,116.204968032,1
39.7205437946,116.159022082,1
40.0789336042,116.662501203,1
39.8462454561,116.368271096,69
40.0817697533,116.366758348,28
39.9504747979,116.553397009,52
39.8458874933,116.425922497,55
39.8848007185,116.432963963,42
39.961753964,116.534973464,27
39.9112169404,116.221188747,5
39.9725636076,116.312870139,17
39.9109549333,116.664787539,3
40.0328441196,116.292647124,30
39.9837614764,116.399081151,14
39.7622853604,116.168240269,5
40.0802782225,116.54127142,6
39.9063520665,116.266893503,43
40.0328783372,116.519383609,7
39.8077455984,116.545608975,9
40.001992892,116.268491558,6
39.8812957997,116.609645179,1
39.7583043077,116.584770508,1
39.7895683799,116.564653182,8
40.1101314245,116.632615593,5
39.9460492337,116.135985812,3
40.3074505302,116.631997183,3
39.8720199129,116.270099989,3
39.8429802702,116.736408089,1
39.7513744871,116.267337849,1
40.0536779948,116.425140665,10
39.9116426276,116.421675785,92
39.9779602256,116.507343908,25
39.9551547814,116.233682001,23
39.890984213,116.409229661,34
39.9075840919,116.301538738,84
39.9712046813,116.489362561,157
39.9446736303,116.412031506,72
40.1314281822,116.661450649,10
40.0759773394,116.23726815,4
39.8350423301,116.300988802,48
39.7250820884,116.334901136,15
39.9335155395,116.347360002,44
40.3729289394,116.898222724,1
39.6895923271,116.061877917,2
39.9996984907,116.508103025,14
39.9946547164,116.448713566,11
39.7412499335,116.181766254,2
40.1002114925,116.4926773,1
39.9276127858,116.201897804,11
39.9341244098,116.662899218,5
39.8117298442,116.476134764,4
40.0428933405,116.234240806,3
40.0824510131,116.504692624,1
40.1395072704,116.417708345,1
39.7468299472,116.323324252,4
39.8072902219,116.184993989,1
40.2263307431,116.261567857,1
40.2087774951,116.236159642,24
39.9339756733,116.324816537,59
39.9669546982,116.46440315,16
39.9722118543,116.278723019,7
39.9233560491,116.511821698,75
39.9980671582,116.487440981,56
39.9892041781,116.367105385,57
39.9822937313,116.378823599,50
39.6031003147,115.961408149,1
40.0233096377,116.290683997,32
39.840487445,116.288826618,27
40.1096959088,116.548060492,6
39.8402661464,116.309634707,5
39.9232701913,116.654097077,15
39.8958847517,116.294261392,6
39.7908344482,116.15613255,4
39.8078844212,116.529552683,5
39.6527609616,116.069766448,4
40.1478603555,117.095627369,2
40.0207064426,116.455376163,14
39.7931440107,116.407148598,2
39.7528506383,116.288106867,2
39.750004032,116.536542053,2
39.8293065754,116.781139746,1
39.7555182603,116.510405217,1
40.213794104,116.210208248,2
40.0431272732,116.642276725,7
39.9067140727,116.457080851,285
40.054673042,116.311673529,29
39.9115388503,116.498254255,103
39.7573203924,116.545145089,16
40.0440373066,116.432300756,28
39.9940079346,116.293373987,27
39.9724730928,116.506447176,12
40.0598256144,116.565499743,17
39.9005245241,116.237593632,35
39.9599049746,116.50654846,14
39.779366294,116.557514234,4
40.1692936875,116.607252609,1
40.0374053094,116.357018532,23
40.0154045758,116.466753559,23
40.147442014,116.323000838,1
39.8059668713,116.287745611,1
40.1719286716,116.312318247,1
40.1493647188,116.137823733,3
39.8632684644,116.645219439,1
39.8258496737,116.666650786,1
39.9658975823,116.549047212,1
39.894640592,116.322827651,191
39.8912519024,116.323082535,161
39.938050135,116.289753083,43
39.9995133867,116.458067677,43
39.922693777,116.435338215,170
39.9947932335,116.485357155,58
39.8842242987,116.444762618,28
39.9375870862,116.770603546,1
39.8071842521,116.400427995,16
39.9719778156,116.367128457,37
40.0810960453,116.436646906,9
39.9004014532,116.663336345,25
39.687147444,116.32205238,26
39.8117977076,116.508965822,12
39.9173712974,116.621011313,4
39.7609953101,116.57990073,5
40.1749629999,116.380812844,3
39.6311550604,116.305946721,2
39.8063648155,116.150337098,3
39.9210565948,116.677738806,7
40.07882277,116.261172015,1
40.0588657156,116.490572383,1
40.4487068395,116.700878313,2
40.0253526552,116.518971857,4
39.9986478421,116.245243042,3
39.998149556,116.64946872,1
39.6904222317,116.315352904,1
40.1232619249,116.759606022,1
40.1546771325,116.549285765,1
40.0825949436,116.122963867,1
40.0783023089,116.590804482,72
39.8727157822,116.280254056,25
39.7583124841,116.356681693,4
39.8626244282,116.411617498,73
39.8788366756,116.455700878,96
39.9213501874,116.246285003,23
39.8786686071,116.466099836,65
40.0003360257,116.378831794,78
39.9226860434,116.586353468,50
39.900753311,116.377468173,68
39.8238576421,116.411147133,2
40.1439526418,116.280784891,11
39.9010475064,116.598354014,19
40.0058674741,116.377298973,19
39.9169098056,116.210262625,8
39.8844473024,116.65048429,15
40.0032771305,116.277536334,12
40.0493812248,116.248510849,8
39.7023489346,116.290139929,3
39.8960243377,116.311594071,26
39.8300965396,116.414708938,3
40.0113405341,116.485123827,10
39.8254176668,116.395222401,1
39.9223929827,116.661239179,8
39.7405105756,116.553691571,15
39.8028301669,116.577316087,5
39.8897648601,116.572122137,1
40.0904976948,116.353517372,1
39.9332445541,116.33370208,55
40.0374713468,116.503894018,4
40.124417525,116.258629145,3
39.9062416661,116.256260532,61
39.9617509264,116.370732919,21
39.9989045287,116.466628092,127
39.9175632047,116.257725833,31
39.9167174869,116.564257531,22
40.1139375638,116.563986518,11
39.8687170781,116.280183317,16
40.0981406684,116.500418233,3
39.7960325567,116.343014757,10
39.7928070894,116.37069728,5
39.8280060645,116.509265792,8
40.053243688,116.596368926,6
40.1110547499,116.415747799,3
39.8898296114,116.388604548,33
40.0877492216,116.36818263,16
40.1686416269,116.323547065,1
40.3921362253,116.862535906,1
39.915914045,116.119069246,2
39.9030094158,116.57750385,2
39.7506981886,116.56069198,3
39.9567218501,116.526677775,1
39.8273033472,116.456584725,5
39.9713019014,116.240614365,1
39.9617379582,116.212272619,3
39.7622007378,116.188478265,2
40.1280631353,116.609442508,1
40.3862421646,116.861272291,1
40.1610345767,116.39216767,2
39.7847841862,116.685085325,1
39.7250292969,116.302812229,1
39.741189531,116.150986857,1
39.8669848795,116.378959686,230
39.9055469577,116.432466269,200
39.9163613565,116.605441386,43
39.9939980417,116.345158005,33
39.9123291547,116.356394852,93
39.8998801631,116.543298068,26
39.8232737357,116.312025019,12
39.9319405431,116.578156431,3
39.9290415355,116.24825922,26
39.8948791264,116.634012452,21
40.0872701267,116.540287471,19
40.0857925022,116.235684506,10
40.0375143489,116.213857129,14
40.0588545133,116.323970123,13
40.0448681101,116.608148494,25
39.8349270363,116.178656958,5
39.7212198893,116.700813802,1
40.1697385771,116.263883527,2
40.1151080434,116.278640739,5
39.6692637804,116.420456,1
39.872153068,116.432978753,9
40.1410533312,116.204394803,1
40.0320500302,116.479389879,7
39.9579025945,116.122673858,4
40.062694833,116.271802652,1
40.2326827327,116.702323538,1
39.8131110448,116.402063499,7
39.9063289757,116.424860909,90
39.7642779355,116.145226331,1
39.9827583921,116.444141159,32
39.8168430686,116.44366127,8
39.8068949333,116.4993517,56
39.8462754433,116.433089684,44
40.0218541088,116.314672017,21
39.8726894033,116.293229686,37
39.7909254806,116.510929226,27
39.8026406374,116.454293816,21
39.9519802464,116.280946063,34
39.9236662864,116.193732209,23
40.0829366369,116.441602572,5
39.8513575949,116.281991297,19
39.7179384205,115.986112989,2
39.8344995168,116.245264107,6
39.8061675813,116.457162056,30
40.1152540563,116.673717056,8
40.1047066411,116.400944593,4
40.1649910518,116.280241295,7
40.0798293728,116.184102919,1
40.0000185362,116.610746541,4
40.0428652153,116.278141542,12
40.1479763131,116.940700095,2
39.7535705592,116.554557707,4
39.9124215273,116.630495725,4
40.1514316639,117.101385036,1
40.4664056686,115.973146423,3
39.8302345482,116.209306965,1
39.7118999566,116.009940592,1
39.6778186855,116.509567714,1
40.0907969508,116.181694648,1
40.1381498845,116.264092036,1
40.0813243316,116.301768619,18
39.8745811887,116.443478921,44
40.1577570015,116.432443821,2
40.0270650973,116.435680786,40
40.0759749901,116.366995351,24
39.9882837042,116.304150511,35
40.014779331,116.355178911,25
39.9441120103,116.511809607,28
40.0307151228,116.626947317,6
39.8464929684,116.313649102,41
39.9981209026,116.192008264,2
39.846123661,116.445086807,33
39.8664941889,116.401147415,12
39.8085064465,116.195334631,3
40.0486138793,116.440735322,14
39.8166655383,116.579620636,4
39.8564191848,116.266131523,8
39.857977315,116.849626471,1
40.0658332988,116.546563754,22
39.8407152339,116.454086727,7
40.1543462059,116.421911334,3
40.1765482987,116.38997605,5
40.0860227404,116.664367986,2
39.7770004035,116.38118106,2
39.8417941623,116.526451823,1
40.0930176381,116.538651691,5
40.1472299815,116.25785343,2
39.9722076581,116.446078884,137
39.91087542,116.477985145,335
39.8516575288,116.434804283,70
39.8860161594,116.257741354,19
39.8902552361,116.344856739,66
39.9176203668,116.202383138,29
39.874951888,116.374270742,10
39.8674365174,116.501905822,39
39.8700890874,116.322979552,5
39.9384717151,116.346657835,60
39.9068836573,116.358462559,67
40.0606283695,116.368349763,11
39.7856899642,116.485950768,13
40.0270483308,116.26885783,12
39.9447139016,116.721095397,5
40.0873188652,116.390658599,6
39.9556835921,116.097007048,3
39.8630192848,116.542776178,7
39.9669014314,116.71899654,1
40.1512953016,116.308746202,1
39.8713929907,116.522833082,2
40.1167046441,116.384037543,1
40.0238545119,116.414146866,6
39.9572722519,116.507065783,3
39.7312721545,116.425869073,1
39.7334234372,116.817857484,1
40.2081746475,116.213676902,2
40.2466830494,116.361739506,1
39.7570232118,116.634281245,1
39.86076234,116.172183175,2
40.034645942,116.461238064,1
39.9314906396,116.643372374,2
39.907534664,116.293050042,33
39.9114848488,116.509274139,50
39.9449445269,116.44545215,92
40.0057089293,116.457763145,21
39.9012294251,116.312056634,40
39.9726306772,116.423604586,55
39.9618581634,116.322422787,25
40.0000848951,116.411841375,90
39.8799330534,116.389475326,39
40.0059542366,116.521138286,6
39.9166359304,116.542249318,31
40.0271553039,116.413191361,49
40.1092739591,116.661580317,7
39.9344051329,116.114001802,16
39.8042643379,116.542678148,1
40.1045710929,116.390511517,10
39.7633332985,116.303517357,9
40.0870186698,116.72160953,2
39.7495898353,116.141861269,2
39.9520812617,116.235162235,6
39.7337178238,115.954004561,1
40.0386594591,116.206244631,3
40.0206900958,116.354350911,3
39.8035692317,116.287960463,2
40.1084934321,116.332590488,3
40.0059635535,116.268846064,5
40.1683937555,116.154197591,1
40.18013588,116.41791889,3
39.8038958462,116.44889281,1
40.1403268631,116.795142999,1
40.3757286241,116.546553277,1
39.7471011717,116.562516496,2
39.9563813779,116.464480333,82
39.9658058571,116.542364845,27
39.9838886528,116.412782071,61
39.8907251064,116.607357896,8
39.7857646753,116.421970765,21
39.9315034284,116.606519969,8
39.9793173224,116.25315613,3
39.995143303,116.23779048,2
39.9955613588,116.195198297,1
39.7453169919,116.277950899,2
39.8921501207,116.120713725,1
40.1303827786,116.584617889,1
39.9824151006,116.233228795,1
40.1944179805,116.231246781,1
39.6810859101,116.343954376,1
39.8307379626,116.175357917,1
39.8923758898,116.527205446,1
40.1539347331,116.236494683,1
39.7961347857,116.367404412,12
40.2039541005,116.665326409,4
39.8628311553,116.501541582,28
39.9399601854,116.399469926,100
39.9347356155,116.424758323,52
39.9673259075,116.411328619,125
39.9453439377,116.436142381,45
39.911425577,116.292607695,53
40.0152534938,116.318012844,7
39.8780262142,116.294981533,9
39.9708614181,116.45491973,30
40.0337100445,116.59437489,2
39.9269727025,116.640385501,34
40.0710019526,116.321928889,46
39.947065489,116.24566579,5
40.0117718949,116.320264962,13
40.1087554938,116.455211021,5
40.2422016059,116.129453939,1
39.8279427035,116.634996434,3
39.9232050112,116.684713639,5
40.0552185375,116.745977902,1
39.8443779769,116.639115732,1
39.9176809046,116.704964393,5
39.8084200702,116.359628609,4
40.2024077261,116.236191327,2
39.8471257907,116.582252805,1
39.7364584564,116.125806011,3
39.8625177804,116.723109311,2
40.0672619993,116.207444444,1
39.9387234533,116.214654799,1
40.0801169665,116.5932055,360
39.7521151977,116.543759434,14
39.9163651502,116.499552216,113
39.9892369435,116.315447226,69
39.9382497948,116.475080599,65
39.9438523288,116.379016566,31
39.8848490928,116.365179371,64
40.1194612169,116.556047418,7
39.8962502167,116.245515581,21
39.934653337,116.106208828,11
39.9131365086,116.606943681,33
40.1145528057,116.432903059,4
39.8278168693,116.335862085,13
40.0564698894,116.556616893,8
39.753418379,116.314525029,6
40.0993861589,116.325692236,3
39.8906796836,116.511786952,3
39.7976849874,116.328061833,1
39.8924948014,116.53209183,1
40.2242605083,116.212481846,6
39.8579536511,116.339827351,5
40.0989450861,116.34612645,1
40.000146154,116.256164689,1
39.9477391485,116.243805155,3
40.057068271,116.17170362,2
39.7965003471,116.217286985,2
40.0028127713,116.496033529,1
40.0392982659,116.332198361,18
39.8683696075,116.457165237,92
40.0548508353,116.412026895,40
40.0806877155,116.46411836,1
39.8617636919,116.259961933,11
39.7084001941,116.157004349,3
39.9328521817,116.202519076,26
39.9983389719,116.501239273,4
39.9123878956,116.335985683,35
39.7641999673,116.442065378,4
40.048536145,116.565367883,10
39.9492810019,116.696547252,4
39.9072739654,116.191448932,13
39.8971906705,116.600603795,5
39.8399726802,116.431151992,6
40.1163408439,116.316213433,2
40.0207805,116.347259251,9
39.8949004297,116.401917459,12
39.9927010051,116.520175494,7
39.9956837432,116.281713613,2
39.7665645621,116.183183709,1
40.0571655273,116.635993924,1
39.895814086,116.123639303,2
40.1744812244,116.618966476,1
40.0476720305,116.290233353,4
40.0527481243,116.293561713,2
29.375924301,106.535167706,1
39.9068547919,116.345489159,85
39.8731993122,116.699192959,28
40.0388140494,116.434365097,30
40.0441606539,116.41332463,41
40.0053369471,116.466787573,77
40.0646786765,116.374953398,8
40.0094462131,116.411914339,34
39.9234395379,116.423093113,86
39.9068651909,116.510104296,60
39.9509218321,116.40116305,47
39.8722824124,116.476356001,43
39.887792019,116.601685238,4
39.851571128,116.399107012,32
39.9118063181,116.256098243,14
39.9827773177,116.387314838,21
40.1566910391,116.284049654,2
39.9114785003,116.249338122,7
40.0160246751,116.563782127,3
40.0358772786,116.551796875,1
39.7631969939,116.347784115,12
39.6196893989,116.307352431,1
39.7844245612,116.289558671,2
39.9657715929,116.27371395,6
39.7166270854,116.15001694,1
40.1715780979,116.650734999,2
40.1169334559,116.621974738,1
40.0232382591,116.320944443,3
39.8208466348,116.176126619,1
39.844250595,116.21093252,2
40.3005334417,116.600462522,1
39.956868454,116.139111654,2
39.9723157215,116.336877126,65
39.9176974044,116.467541207,80
39.9124673832,116.302652928,59
39.9835269074,116.433708726,76
39.7566386017,116.162243739,12
39.9931857644,116.49997046,15
39.9174225088,116.345092605,68
40.129171325,116.413354543,1
39.8511505755,116.379363686,27
40.0876017722,116.296278957,1
39.928890845,116.398892062,32
39.9594615241,116.234540919,2
40.0662220619,116.35818121,33
39.7748914341,116.315822635,13
40.2093352772,116.258550324,8
39.8076990559,116.394648381,3
39.8700494897,116.643925572,7
40.0048791816,116.250585651,3
39.7471283597,116.335634429,9
40.0667443546,116.256026397,4
39.8841646294,116.527532822,6
39.776812196,116.439853477,1
39.8216121115,116.432402082,2
39.9768217287,116.21632119,6
39.9480726247,116.196136964,10
40.3608159048,115.989861991,1
39.7293990319,116.552937671,1
40.1063666063,116.474680522,3
39.714215635,116.01137653,2
39.9014877799,116.632159414,11
39.8732643988,116.576767277,3
39.6673333907,116.320044898,1
40.0894324562,116.587043411,1
39.7183966727,116.278316358,2
39.9340585677,116.302378814,47
39.9183198907,116.446354226,169
39.9336919671,116.412612377,65
39.9452007198,116.348051781,67
39.8234301213,116.501509553,7
39.905941973,116.662905005,15
40.0091193425,116.386186498,10
39.8403618571,116.447868141,35
39.7645925564,116.037824436,1
39.8405989812,116.303849913,11
39.8024851562,116.499478593,53
40.1265545813,116.413087551,13
39.8827196174,116.248545521,3
39.9461197519,116.257654408,18
40.1157675725,116.612102434,6
40.2051687096,116.29120397,3
39.8226347572,116.366607245,5
40.1335506185,116.707511122,1
40.1051130677,116.677397051,3
40.0874477552,116.241922905,1
39.8511383677,116.290328618,9
39.8960417533,116.575929211,8
40.0756080035,116.536341323,1
40.3354283728,116.863065693,2
40.0948723651,116.327482138,1
39.9353728684,116.152548886,3
39.707585178,116.422999403,1
39.9805396124,116.280800058,1
39.9155880929,116.728839457,1
39.9195838969,116.229975496,1
40.0502404759,116.617263504,83
40.3393349893,116.640280299,2
39.9064749566,116.368429563,59
39.9611660145,116.433889783,53
40.1100572279,116.280516398,2
39.8461939743,116.2327986,7
39.8517349397,116.367992759,42
39.8247823264,116.400123088,8
39.9003416758,116.20402978,7
39.8851129812,116.422791945,32
40.1294228062,116.597342414,11
40.1155405202,116.303152261,4
39.7248491166,116.344135431,5
39.834574,116.3344224,4
39.7975316759,116.564514536,10
40.0375002263,116.374044439,3
39.9409254553,116.076924316,1
39.6297762044,116.332631565,1
40.1072928312,116.127308612,1
39.8751304796,116.228801575,3
39.9607223179,116.125198302,3
40.1997589561,116.228256838,2
40.1480257161,116.41616862,1
39.9124536314,116.490826459,71
39.9238535786,116.401036506,28
39.9993819924,116.389430211,72
39.9064102214,116.214528141,24
40.0426821523,116.271267548,8
39.8735835722,116.369286228,62
39.9905689263,116.521769177,6
39.7912674719,116.385080071,2
40.0386786755,116.414337155,35
39.8963024414,116.541250516,16
39.6319344966,116.31427517,8
39.9057700786,116.519752464,20
39.9107778161,116.530118548,13
39.7697186474,116.543629105,3
40.1201931828,116.256579062,3
39.7902525377,116.327714589,69
39.7632761644,116.213574352,17
40.2236812412,116.654671123,1
40.1021484449,116.269018246,2
39.7643310776,116.436241899,5
39.9267772548,116.655359391,8
39.9871321615,116.225176595,1
40.1662966038,116.808754008,1
39.7208385697,116.356520048,8
39.8037408401,116.15859104,1
39.996861544,116.600128357,1
40.1103209638,116.289631677,4
40.0653791714,116.759851043,1
40.1065515023,116.35076348,3
39.7357951008,116.277292759,1
39.6908695194,116.322490542,3
39.9381654354,116.183173432,2
39.7725816515,116.231587457,1
39.7439887153,116.698524306,1
40.1061478571,116.320797613,1
40.2905534556,116.683698163,1
39.8237008483,116.291581575,23
39.9547879046,116.322161851,66
39.8691444249,116.346186537,42
39.9408727144,116.422079493,122
39.8995526613,116.48787287,127
39.7214534176,116.334102725,4
39.9622495188,116.402215675,31
40.0101475133,116.459426893,30
40.085565759,116.507369097,4
40.0821849075,116.345454094,29
39.8729551883,116.411000597,17
40.0765391593,116.410906152,58
39.9894170571,116.378981696,50
39.9448248445,116.271083159,47
39.8066087065,116.425509588,4
39.7311232372,116.335827213,21
40.1091725083,116.554158451,23
39.8637161926,116.685370666,11
39.8690396104,116.69692575,8
39.8351057274,116.272839424,1
40.0644132467,116.56187603,9
40.0349655248,116.620217769,4
39.9169504714,116.641891584,6
39.8180423286,116.519700162,3
40.3730244677,116.85199899,3
40.1324572688,116.685662329,6
39.8581402389,116.187010334,5
40.1564655597,116.816227983,2
39.881206326,116.21012207,1
39.8897170434,116.584953552,1
40.3991408202,116.852252016,1
39.9212253147,116.740381944,1
39.8734684351,116.664846247,17
39.8402679858,116.388810933,39
39.8898262311,116.26862446,31
39.8835127981,116.672455339,19
39.8905623529,116.456262965,39
39.8836892284,116.300740883,56
39.9172523725,116.404226292,15
39.9066881805,116.444960412,131
39.8734513409,116.465811891,48
39.9124767292,116.345586813,78
39.9237635325,116.312623942,27
40.020120089,116.633330012,1
40.1151868369,116.413382872,17
40.0939023897,116.550549953,6
40.0751554294,116.403766671,2
40.0945784053,116.291469036,33
40.1507629522,116.45450912,1
39.8775215322,116.246647231,15
40.1525762322,116.456552913,2
40.2132861461,116.288453263,3
39.850398556,116.194485967,3
40.287822504,116.674675413,2
39.988086847,116.212692625,1
39.7508088169,116.187044474,1
39.7808585612,116.178674316,1
40.2374383514,116.152992104,1
40.088311744,116.5359283,43
39.927808041,116.267507743,38
39.8570307028,116.531157931,17
40.1194865554,116.675635918,8
39.8569773679,116.311321875,30
39.9723065278,116.401663791,32
40.0713461082,116.423923627,11
40.1052540802,116.543997311,17
39.7568340333,116.275176452,4
39.7332694936,116.190959365,2
39.7960027552,116.336063677,7
39.7970393182,116.154380454,2
40.1268987781,116.402283311,4
39.8497179334,116.215302311,2
39.9059553105,116.532171637,8
40.1165934099,116.443730028,2
39.7411115266,116.354543635,4
40.1901579861,116.561243903,3
40.0922306983,116.439115203,1
39.68259371,116.209158752,1
40.1105908231,116.203760243,1
39.7384791639,116.570389785,1
39.8283891479,116.194046896,2
39.7603264586,115.966436769,1
39.950695884,116.271384881,15
39.8063494364,116.49112437,22
39.9563085881,116.564365101,19
40.0724584258,116.366644329,6
39.8227614258,116.520870141,20
39.8511687706,116.423573378,26
39.9779052269,116.22513761,15
39.7233250253,116.159282293,5
39.8112583003,116.36185868,1
39.7118165374,116.07229359,1
39.7995196073,116.461799656,2
39.8732183899,116.231294346,8
40.1023920421,116.33443972,2
40.1300617304,116.641362247,18
39.9730518384,116.464041586,7
40.182959344,116.412746886,24
40.0593745341,116.494183478,2
39.98896862,116.633431758,3
40.110791064,116.677324638,2
40.0816780274,116.520506066,9
40.0321746395,116.798638412,1
39.9279198416,116.685259223,16
39.933474981,116.215784137,2
39.7190925886,116.345088468,1
39.759724693,116.449971748,1
39.8953352419,116.475978754,144
39.8576136403,116.2916516,25
40.066435303,116.311770286,67
39.9116332988,116.375118385,219
39.8735961316,116.631902362,21
39.9938703752,116.402508767,58
39.917199076,116.358845777,138
40.000738351,116.354033661,45
39.6808739362,116.319794137,2
39.8904747602,116.693758043,12
39.8031843425,116.51006335,5
40.0986626548,116.217907276,4
39.9559423139,116.400197822,25
40.175159807,116.654236778,3
39.8831523391,116.397758774,71
40.1374976107,116.27465038,1
39.9110024289,116.105342147,4
39.9650154688,116.603435059,1
40.1712808068,116.262136923,1
39.8577012587,116.248111261,2
40.3791091639,116.851955955,5
39.715725396,116.331641826,2
39.9443983439,116.695198802,1
40.1782811146,116.167513654,1
39.8362527461,116.257016221,1
40.0036217148,116.338793638,8
40.1246781696,117.003570041,1
39.9782856531,116.369172366,101
39.7808247659,116.334275247,5
39.8011424981,116.478506225,23
39.9929067341,116.212832038,7
40.0109076702,116.368922391,47
39.9071188186,116.334959432,34
39.7582631746,116.487417777,13
39.9612989177,116.411552168,66
40.0001088977,116.430878526,7
39.8388671343,116.705480334,3
40.1653812906,116.245737126,2
39.8734285138,116.300503426,4
39.8966919741,116.212716025,2
40.0093055595,116.420160625,5
40.1810606184,116.646137277,1
40.1691343696,116.191690081,3
39.9896604839,116.204621671,2
40.1297595275,116.145695396,1
40.1338012695,116.546961534,1
39.9434499783,116.096944987,1
39.903153126,116.716730605,1
39.7066874321,116.000255352,1
39.9775684185,116.336148271,53
39.8948118184,116.487130087,65
40.0330425001,116.369308049,42
39.9232225052,116.518778606,277
39.9227179292,116.377130222,50
39.8003000286,116.335721326,6
39.7862707609,116.325722605,41
39.9056584465,116.632360674,31
40.0785758866,116.379012424,12
39.7308008156,116.345507389,16
40.0982306479,116.289728213,26
40.1484928895,116.422526186,4
39.7923504332,116.429725199,5
40.0258709473,116.300336708,17
40.0323776628,116.414022056,44
39.857254643,116.301594732,24
40.1189733066,116.54187333,8
39.838894834,116.645382782,10
40.0594246401,116.335859028,13
39.8165705099,116.20861976,1
39.9324578895,116.240031765,4
40.0409588782,116.208496418,1
39.9471507212,116.338665569,14
40.0988241,116.541728068,17
40.0492034822,116.334515177,10
40.0589675534,116.481508442,1
39.62648225,116.311223323,2
40.0925429963,116.281199606,3
40.2414955275,116.442139211,3
40.0988058159,116.56280087,2
40.0168413709,116.521477974,1
40.0944455295,116.748207194,1
40.0765663386,116.423584564,28
39.7277594106,116.436356409,1
39.9013884007,116.641890945,25
39.8999616894,116.466592589,137
39.9165301373,116.479219192,68
39.9281373515,116.412272258,46
39.9790421236,116.441825632,21
40.0933626602,116.534079388,5
39.9838562737,116.421163708,45
39.8572998497,116.380997037,35
40.116080543,116.338348157,2
39.8844969978,116.357302856,35
39.9024139736,116.748047882,5
39.9016360929,116.592272871,6
39.8342409002,116.447474731,12
39.8512730455,116.25860877,5
39.7449490354,116.341793197,1
39.9324539113,116.254556543,3
39.9985741756,116.581046047,1
40.2020974918,116.609821825,1
39.6884033203,116.066105686,1
39.698410102,116.377163086,1
39.9130613297,116.279026743,88
39.9073139889,116.476120517,101
39.9993824358,116.324079666,13
39.9991933738,116.478408863,151
40.0064678414,116.347217194,28
39.7423923072,116.368737887,4
39.9445864703,116.65331805,6
39.8718466163,116.560550759,2
40.043525453,116.314707059,16
39.8581711941,116.718483612,2
40.1263336909,116.204298648,4
40.085572169,116.271478467,1
39.91674935,116.182868089,3
40.337691885,116.827960748,2
40.1000625492,116.25413635,1
39.8783479898,116.256061681,6
39.510548551,116.312051168,1
40.0662978752,116.296100154,4
40.155885109,116.613533957,1
40.1047093957,116.665272229,3
40.0438220896,116.618507126,6
39.7569489545,116.389185982,2
40.0560124492,116.332798734,14
39.8141454674,116.366429725,49
40.1202286953,116.250217282,14
39.8941777688,116.255719297,33
39.8461788447,116.413288512,26
39.8156244715,116.430985137,3
39.7481514655,116.558450721,2
40.1313158676,116.634488625,15
39.8509744145,116.30530056,13
39.8171225014,116.394213116,3
40.0010342221,116.279410959,8
39.9670961969,116.21587926,2
40.1050876976,116.370781222,19
39.9128659242,116.686913005,13
39.9252286358,116.145600246,1
40.0574853789,116.528481758,2
39.9510663107,116.131091262,1
39.9928065167,116.633802864,1
39.6994503839,116.311797517,1
40.0888713587,116.437718284,2
40.0752667312,116.630887068,4
39.9026304138,116.73536768,1
39.8587806609,116.238582483,1
40.2130743431,116.238604676,40
39.9504392773,116.466580021,251
39.9224846648,116.443190887,262
39.9281852254,116.162363172,13
39.9446569733,116.303839859,78
39.8676476302,116.509585882,24
39.8569690303,116.522970156,4
39.7580612087,116.205849207,3
39.961460926,116.422059514,52
39.9834193756,116.457481164,35
39.7976922704,116.420070586,13
40.2073645785,116.289670876,5
40.086120244,116.487413489,2
39.7793893793,116.488081933,6
40.0611960933,116.436155798,7
39.796433235,116.479229728,12
39.643262951,116.323719601,1
39.8755026536,116.249695409,7
40.0524132717,116.242089938,3
39.8407658837,116.474793974,5
40.0079038047,116.653385084,1
39.8537500197,116.480696132,2
39.7120754666,116.125362142,1
40.1472045555,116.548112001,1
39.8117692215,116.576501281,2
39.7345305507,116.655034219,1
40.0567572223,116.525885387,1
39.7230204024,116.189802238,1
40.0710367259,116.403737439,2
39.8183160127,116.453874745,1
40.1226840885,116.525060654,1
39.7052211768,116.082969271,1
39.8666481442,116.42412526,86
39.8725315807,116.390628026,14
39.9832948613,116.323934625,45
39.911898705,116.369868041,117
39.9237344605,116.5976876,46
40.0048126063,116.477749044,58
39.8791761877,116.368085172,45
39.8846282991,116.293422505,13
39.9167563868,116.509716896,61
39.8573290784,116.423415218,50
40.0829564491,116.235596505,6
39.8845426095,116.334456241,42
40.1817976375,116.654675991,4
39.8901180798,116.686634838,18
40.3686932366,116.83061397,4
40.0033954777,116.286580275,3
39.795864355,116.573445866,9
39.8780794283,116.703692795,4
39.7306037907,116.159623076,5
39.8014178105,116.533721313,19
39.9557905623,116.720209928,8
39.8557400295,116.568976746,6
40.3395776657,116.630498763,1
40.1759264114,116.422351348,2
39.7598152921,116.289082388,2
39.845093246,116.473064508,2
39.725126298,116.150001601,1
39.9404047309,116.581987847,1
39.9893588123,116.433326245,133
39.9893111333,116.486995828,108
39.9123311337,116.190658385,18
39.9174038647,116.532022951,61
39.9510670285,116.335520546,25
39.774699096,116.32537574,19
39.9004351514,116.21455046,33
39.7618172184,116.279519234,2
40.1139878042,116.632945911,6
39.8637135137,116.583171468,5
40.3354626547,116.634502793,3
39.7283629015,116.56227322,1
39.7621842336,116.482336482,1
40.026119816,116.511545977,8
39.9548122335,116.226252039,8
40.0898415897,116.121695483,1
39.7322875977,116.734919162,1
39.7225759549,116.885293783,1
40.0157787397,116.555231455,4
40.2403295898,116.804808485,1
40.0035388061,116.644583587,1
40.0194298074,116.560268435,1
39.8896598569,116.290187057,43
39.9285850187,116.477944232,95
39.737330761,116.5446419,14
39.9249480276,116.617275832,34
40.0154026889,116.345681913,43
39.8961201601,116.304690801,29
39.8515727559,116.345268293,7
39.8297639939,116.343568674,1
39.9278650449,116.115420554,5
39.8742956125,116.506432003,2
40.2218001708,116.283343605,1
39.8777865807,116.488893662,47
40.2288203558,116.226481066,7
40.1488533969,116.289535086,22
40.0348446292,116.243975694,5
39.9488973013,116.725857094,2
39.7644778103,115.973049316,1
40.3536783091,116.665644887,1
39.9632454775,116.736216823,1
39.7205434602,116.120607666,1
39.8346066509,116.415923833,2
40.1326322937,116.268392648,2
40.3794870361,116.82315479,1
39.6943391992,116.155690236,1
40.0541760572,116.441098334,2
39.767052235,116.654341867,1
39.8861184558,116.487720171,39
39.9326929322,116.510703969,133
39.9397375827,116.444427588,114
39.9954597122,116.476512895,94
39.9487236839,116.513127794,6
39.9711243027,116.32182452,74
39.9444952067,116.425366738,37
39.8731429221,116.311848586,12
39.940826015,116.557345532,4
39.96059583,116.114550175,4
39.97235164,116.37941434,70
39.9358631367,116.741896427,1
40.0378680053,116.347161555,17
40.2250265426,116.233986346,21
39.9722920299,116.410520735,43
39.9886645092,116.386166617,17
40.0326757717,116.322155994,29
39.9162512964,116.391309524,2
39.9284898412,116.587421835,30
39.8084233978,116.157813489,7
39.9334270357,116.190984463,19
40.1316775126,116.618419254,5
39.8569362286,116.362135548,2
39.7535364652,116.34047514,1
40.0621958548,116.546089601,3
39.9342525197,116.167862345,3
39.8631145317,116.334056456,4
39.7572566732,116.533847114,1
39.706599378,115.989136971,1
40.1431315104,116.414992133,1
40.0886915404,116.475272497,1
39.8174202474,116.375566406,1
39.8115069153,116.141135161,1
40.4626080281,115.821507783,2
39.8396261389,116.187873696,1
40.03146836,116.57410779,1
40.0769971871,116.270968878,14
40.0662111588,116.424633302,7
39.9193406972,116.309942415,11
39.9571786066,116.288537443,105
39.8790944208,116.344859028,47
40.2205909375,116.223330895,12
39.9006912676,116.402148266,32
39.8572875427,116.41120842,37
39.9284357294,116.356911802,55
39.9329917671,116.487047475,100
40.1368154225,116.661192659,12
40.1303733633,116.424236529,10
40.0366295999,116.542582692,18
39.8179782293,116.290904414,50
40.0232016955,116.528176628,12
40.0002039658,116.288351627,23
39.7461329763,116.313496535,7
40.0979521381,116.656181883,3
40.181054145,116.361314562,1
39.7734128187,116.186047158,3
40.378292372,116.867727322,1
39.982202386,116.247345192,3
39.8648465205,116.157913489,1
39.8138029645,116.165780736,1
39.9830059295,116.775426445,1
39.7506880914,116.178709841,3
39.9173614069,116.279877486,48
40.0285280377,116.276236345,22
39.8174168255,116.370959367,5
39.8726436758,116.346418109,44
39.9668955867,116.325053864,118
40.0210626528,116.376051715,9
39.8637598846,116.358223088,11
39.9134163613,116.18065864,13
39.757731042,116.347480055,8
39.9320196481,116.159265587,7
40.0341155471,116.530439697,7
39.9922740714,116.689152652,2
39.8282131428,116.283181203,6
40.2291050399,116.244143474,3
40.0911472021,116.304247804,3
39.9663939149,116.711107501,4
39.773664922,116.519771791,6
40.0319017297,116.614111527,1
40.2344365777,116.256497125,1
40.0045829526,116.39036624,3
39.6771691995,116.295083202,1
39.7299782986,116.11574056,1
40.2088679387,116.658376833,2
40.1619200332,116.660081533,1
39.9234120175,116.477931257,77
39.9885868924,116.422302814,76
39.901906041,116.652561842,29
39.9232849175,116.28160227,35
39.8471524165,116.336249987,14
39.9892804978,116.403063519,45
39.8908271115,116.248493901,14
40.1646356407,116.259794658,11
40.0362939951,116.280206285,5
39.7424211499,116.344204511,1
40.3042346431,116.6278375,1
40.1258071722,116.418957428,5
40.0096020779,116.476899301,23
40.1037092092,116.511922125,4
40.1117936891,116.528134112,3
40.0637865448,116.740854353,1
40.2178003826,116.655079943,1
40.1416326807,116.616264044,2
39.7197221328,116.09438336,1
39.8790826707,116.597922816,1
39.9389208984,116.127496745,1
39.8126537438,116.532132269,1
39.7341837287,116.737051948,1
40.1260070493,116.596243219,1
40.0239964318,116.617258313,1
40.1170444985,116.684673182,1
39.9018497642,116.689032515,27
39.8557636855,116.367247631,60
39.9225106679,116.366466713,57
39.8517881817,116.388846721,30
39.8463046781,116.556411435,12
40.082057997,116.376448299,16
39.8990575493,116.608223402,29
39.8122453901,116.408291898,6
39.8895857091,116.377752601,20
39.9815068398,116.529352424,2
39.857230473,116.34501074,4
39.8393261883,116.281706901,6
40.1045124523,116.414300979,10
40.0698736214,116.30629975,5
40.1435597393,116.290120109,5
40.098114984,116.661041178,5
39.8007808857,116.517013729,2
39.965711421,116.611119121,3
39.7593174112,116.560898336,1
39.8485257074,116.576534415,1
39.719433071,116.445524905,1
40.029029718,116.312204618,59
40.0286144376,116.419741287,26
39.8676569739,116.3682237,79
39.8737892477,116.642931405,22
39.9391118187,116.367723539,59
39.8845438799,116.378072092,84
40.1205503803,116.452485554,3
40.071096295,116.413395236,34
39.9506649145,116.299811369,17
39.7096431727,116.059285902,3
39.9540878879,116.246191986,2
39.8255953628,116.489081686,4
40.1039687989,116.422364077,13
39.9117477211,116.173168924,1
40.123759573,116.437547013,1
39.8665158649,116.723480715,1
40.0246617296,116.460732964,1
39.8169048964,116.340583447,1
40.0363994683,116.174024794,1
39.7810801249,116.410006032,1
39.9781235517,116.040383351,1
39.7253342689,116.565671452,1
40.0650121337,116.498305933,2
40.1401175891,117.0985682,1
39.8615256401,116.202222146,1
40.1651409781,116.388292496,1
39.8698763281,116.568831935,1
40.2165664517,116.453713362,1
39.9280162283,116.28001186,52
39.911094081,116.311119539,35
39.9163757257,116.412348532,206
39.9076855781,116.106789258,5
39.7969545003,116.380539649,7
39.9831199688,116.343698654,14
40.0100053149,116.28689974,5
40.0596954144,116.555740233,6
40.1250186966,116.538115245,2
39.8639499034,116.457357063,27
39.9112397709,116.111185079,4
39.8342585185,116.453070571,7
39.7451165375,116.540210056,3
39.7676840023,116.566151709,1
39.8114979682,116.34261666,1
40.246887207,116.438973796,1
39.9179651408,116.164052716,1
39.895351257,116.466493456,224
39.8838018492,116.66574219,33
39.8843436645,116.455311338,78
39.9268678093,116.192979477,25
39.9499190807,116.445712619,50
39.9288905378,116.501344066,115
39.9891060035,116.466317147,62
39.863035413,116.424642087,47
39.938245049,116.09483032,3
39.923098499,116.64040713,21
40.0330256021,116.313110919,53
40.0378224301,116.401894795,17
39.9002979681,116.390877422,36
39.8467100809,116.280066447,7
39.884969256,116.390740939,49
39.8728577048,116.686788884,12
40.0287040696,116.233574161,4
39.990820397,116.280794517,2
39.8014831488,116.568236723,2
40.0349098071,116.503823774,9
39.9862486929,116.241433859,2
40.1499254545,116.622572846,1
39.8842680678,116.617255399,1
39.7428828576,116.162573483,2
40.0717356819,116.589982748,18
39.9559710112,116.541096718,30
39.9497341773,116.473355108,159
39.9892716979,116.413513984,67
39.7727616354,116.499568782,5
39.9564717113,116.444146833,87
39.8084869546,116.168045753,8
40.005081708,116.401751123,68
39.945140139,116.32491006,52
39.9510241051,116.390432537,45
39.8398748965,116.42382332,22
39.8399367159,116.321881318,24
39.9005085794,116.224943603,37
39.9565944175,116.536780987,7
40.1274696172,116.264983385,1
39.8624752531,116.29250779,22
39.8458662244,116.510910065,6
39.9295760419,116.105466591,6
39.7679821391,116.315105419,11
40.1594403825,116.268896914,2
40.0444569622,116.442353784,13
40.1094014529,116.639796091,6
40.2286511098,116.142502343,1
40.0128271797,116.507882666,1
39.813656775,116.444295101,8
39.7376493521,116.428789382,2
39.8364274089,116.521690809,1
40.3230016318,116.632023058,3
39.7758259184,116.401832081,1
39.8180013864,116.532765325,4
40.1176397419,116.263652776,2
39.8723383716,116.583725325,4
40.3578619826,116.007490014,1
40.2016064453,116.093022461,1
39.4973360035,116.323943754,1
40.1113323803,116.152335714,1
40.1155866338,116.526654311,1
40.2288823609,116.264189469,1
40.0642765994,116.588639337,9
40.0867752359,116.326167869,14
39.9446819393,116.778683356,6
39.8950826126,116.206279942,30
40.1501856765,116.280422818,2
39.9278899511,116.333932256,58
39.9498602733,116.102082827,2
39.9339693649,116.312137818,40
39.8176598348,116.399536401,9
39.5148943042,116.312630685,2
39.9335392301,116.356869316,92
39.8077258903,116.367435919,23
39.7557868495,116.365169522,4
40.0324962761,116.346489911,53
39.9497651481,116.289794577,13
39.765163166,116.508223075,8
40.0165817648,116.367521428,51
39.8571901457,116.399871331,40
39.7930559332,116.454872757,6
40.2128608896,116.226831243,5
39.7542509677,116.435176694,3
39.7418263783,116.567830233,11
40.1143764633,116.652653123,8
40.1236903944,116.29387223,1
40.0442763888,116.53458537,1
40.1086421326,116.14037007,1
40.0820453887,116.322070479,35
39.9336221922,116.499570476,116
39.9395598752,116.522141405,56
40.0545482694,116.436571458,15
39.718952926,116.13538791,1
40.0171036073,116.374369728,10
39.9278588355,116.226282132,37
40.088208434,116.345432052,45
39.9625437031,116.311917979,24
40.2194935221,116.234930074,25
40.0384544429,116.596052581,6
40.1368049769,116.641638513,5
40.1078445775,116.421122399,5
40.0531955264,116.366757966,2
39.85182168,116.49945892,3
39.8061861541,116.20891235,2
39.9956145445,116.262411291,1
40.1052607353,116.099483804,2
39.7630973662,116.517353412,3
40.047445515,116.354836323,1
39.8708034207,116.530682767,1
39.9232908427,116.289940242,63
39.8850259587,116.465771152,95
39.994708001,116.507605213,11
39.8630952301,116.302675001,13
39.9665943659,116.37910663,39
39.9730707825,116.355330701,53
40.0335219616,116.543319593,14
39.9656656212,116.356480186,48
39.7527109457,116.203572736,2
40.0732739102,116.632439605,4
39.9077469548,116.411900128,61
39.7686323092,116.501345629,19
40.0837840519,116.557886075,5
40.0532653227,116.303261094,35
40.1160409275,116.452102186,2
40.2365907253,116.216105725,1
39.7820867709,116.296834568,1
40.1801367493,116.730942108,1
39.9672358276,116.519789549,4
39.7891876253,116.559195077,1
40.1250246148,116.326321921,3
40.1183398363,116.464803373,1
39.8490988238,116.203799061,1
40.0785877821,116.69925944,1
40.2441037891,116.195488448,1
40.0805614701,116.247809813,1
39.8531827799,116.551550564,1
39.8923214886,116.703251482,2
40.2300445568,116.309605487,1
39.7576774638,116.553498493,5
39.9228298406,116.456466252,148
39.9004298847,116.323686214,69
39.9235365027,116.500452239,126
39.9618869051,116.455360858,134
39.797925061,116.453608217,15
39.9385186259,116.491313417,28
39.9444203298,116.290914872,27
40.0202548016,116.545853785,4
40.0594621765,116.637971383,3
39.8251068799,116.5298724,12
39.9281642578,116.345402824,67
39.8846833316,116.642485034,23
39.88445138,116.279547006,22
39.998526242,116.314251191,48
40.0222493088,116.269276941,20
40.0093434089,116.402998457,8
39.7794246521,116.435137062,9
39.8404068148,116.398863757,16
39.6860063111,116.313324832,10
39.8514634353,116.520409622,6
39.7381327851,116.553812114,2
39.837313076,116.308157705,4
39.871641731,116.157060361,3
39.931927117,116.56172496,7
39.894511719,116.568247265,1
40.0816846677,116.388061179,3
40.0337765625,116.206273569,1
40.0608379893,116.40224745,2
39.8793357775,116.719705219,1
39.7419709912,116.130259301,2
39.7632922047,116.18250264,13
39.9442916815,116.203554287,16
39.922896872,116.465374444,96
39.856595284,116.282760649,23
39.8896758465,116.675934043,23
39.9930098106,116.387280199,59
39.899689738,116.509123371,67
39.8089816906,116.510288422,13
39.8957500511,116.391375925,23
39.8218923243,116.204760229,2
40.1967778047,116.235583686,5
39.9122608506,116.697143639,8
39.8455675261,116.291702967,14
39.9056766219,116.585593028,13
40.0493187606,116.267543817,7
39.7575168621,116.333872891,11
40.0119016068,116.434844493,18
39.9761239068,116.560233338,1
39.8033371886,116.421764952,26
39.8871547994,116.743121972,1
39.819314148,116.498583395,3
39.9436705113,116.673189034,3
39.8637900565,116.277295374,6
39.7895595224,116.286968141,1
39.8551923902,116.552821842,4
40.1030362428,116.571079666,1
40.1650192428,116.267864909,14
39.8510474045,116.312720204,35
39.8675215893,116.433992299,93
39.8958584212,116.344805241,21
39.8792727813,116.675156405,10
39.8837706568,116.502238579,3
39.8787610774,116.314062714,35
39.9272977118,116.18051469,19
39.8741936044,116.336073202,19
40.0652428531,116.365754524,7
39.9611038068,116.557456844,13
40.0094226841,116.335134107,5
39.8012931202,116.168052474,5
40.1801314177,116.160626747,3
39.9897808293,116.326178713,21
40.1422636085,116.738097819,3
39.8413094006,116.532675809,2
40.2007414842,116.24658571,8
40.0414017033,116.369818796,2
39.8342575703,116.401211889,7
40.0285345351,116.353674651,9
40.0758158057,116.313712268,20
39.7963574072,116.519644208,4
39.9607529757,116.575167345,2
39.8297086536,116.326226003,6
40.0651713265,116.277951285,8
39.9478435722,116.084802252,1
39.857576822,116.700522646,1
39.6923103373,115.984994448,2
40.0127957816,116.31811062,2
39.9320041141,116.226917469,2
40.2048303883,116.226175462,1
39.7484061993,116.124291358,1
39.7357789057,116.323980729,6
39.8025805839,116.490336969,43
40.248637424,116.283923611,1
39.9501238143,116.378972596,34
39.8801631704,116.268730279,34
40.0601073961,116.345263672,21
39.8499341411,116.322905262,11
39.8995308737,116.446639148,24
39.8969487776,116.607191521,8
40.0985357749,116.310085373,5
39.8794709281,116.377626001,36
39.9270717048,116.391489399,7
39.9907053636,116.288107444,7
39.8737994016,116.499395712,30
40.1539185724,116.383960742,1
40.313635858,116.632818795,5
39.6691059287,116.300837112,1
40.0708134033,116.533341849,2
39.9239488472,116.217881758,1
39.8548169347,116.778550345,1
39.9207933177,116.697871866,3
40.0893375651,116.41958469,1
40.1726139083,116.428465578,1
39.8254122259,116.554511436,6
39.9336363315,116.45458403,579
39.8963945683,116.421127301,282
39.906559404,116.500897592,41
39.9383475737,116.326402956,42
39.9824739778,116.305554502,75
39.7405855289,116.203430989,3
39.921854114,116.532086696,28
40.159918728,116.258227987,4
39.8186224695,116.282170999,7
40.0055370777,116.25773967,12
40.0042542826,116.315033735,5
39.7852314596,116.562904992,12
40.2211137549,116.26487269,6
40.2067057969,116.720379785,1
40.1289669594,116.213881898,1
39.7552330299,116.352445311,1
40.0330278158,116.211418734,2
40.3691834246,116.864063958,2
40.1728009594,116.512636516,2
40.1036583116,116.533962945,1
40.036207411,116.460241157,1
40.1290057685,116.239737331,1
39.9773404712,116.48860427,81
39.9601769522,116.289148044,103
39.7302966455,116.123103159,3
39.927017056,116.608416452,70
40.0619834397,116.357839047,6
39.8448349811,116.525052711,3
39.8626722413,116.734453993,1
39.9565601554,116.379361699,60
39.8464664531,116.531622264,4
39.9382600138,116.248677384,11
40.0807012634,116.269251522,6
39.9061401094,116.677125668,8
39.8347642549,116.67713839,1
40.2153993983,116.615664412,1
40.1758966167,116.41596024,1
39.7113114293,116.382291225,1
40.0790989193,116.717123408,1
39.8973879235,116.144161128,1
39.7699446377,116.577073166,1
39.8096538985,116.222508592,1
39.833679305,116.626317635,2
40.1651386289,116.63653374,1
40.2688006303,116.232842993,1
39.9650514358,116.510668329,1
39.8928819444,116.17901747,1
40.1694809329,116.277979628,2
40.2200281003,116.246221526,14
40.0762352587,116.32185965,56
40.0327937316,116.420574217,58
39.9442739283,116.278639714,27
40.047761015,116.590246501,17
39.7473778532,116.367045116,8
39.9929069573,116.32624159,35
39.9705383387,116.534919161,5
40.1082841125,116.401363955,5
40.0827932297,116.413607419,19
39.7526986123,116.20967676,22
39.7167845985,116.359885456,1
39.8673127439,116.557841314,10
39.7844755313,116.519259988,5
39.7032980686,116.378271484,1
40.3301433922,116.6443388,3
39.911144354,116.65710615,3
40.0449870244,116.251209251,2
39.7667918389,116.346846746,2
39.8232037042,116.384362605,1
39.7372221193,116.305773341,1
39.9380148341,116.707904947,1
39.6886233754,115.996155186,1
39.9603916372,116.733320163,1
39.8775685234,116.585517547,2
39.9165441106,116.421844587,140
39.9010335364,116.345624876,32
39.8948191043,116.677051983,22
40.0160419082,116.278428779,12
39.9340859373,116.445578037,322
39.8936156713,116.642244619,23
39.9370178987,116.505818376,13
39.9285887372,116.444074039,286
39.7518364102,116.333349829,19
39.89531108,116.4340595,126
39.8461534345,116.378708278,40
39.8792231986,116.476649777,29
39.9884562625,116.478992873,146
39.9186860048,116.586289722,28
39.9665864084,116.535408521,25
39.9782023729,116.465118392,82
39.9619049929,116.476430372,10
39.8898652961,116.300620096,46
39.9466338746,116.55263159,14
39.8459838276,116.35766437,37
39.8657464265,116.577666206,11
40.061663243,116.575513495,11
39.8998435726,116.19041822,2
40.1029706351,116.358666445,5
39.7689167587,116.213591932,10
39.9541010374,116.553602098,8
39.8638701205,116.57999111,4
39.7233981229,116.123907573,8
40.2080245949,116.189625612,1
39.9516515199,116.590882383,2
40.1047405129,116.313054873,4
39.9523302607,116.627388416,1
40.0404361979,116.178242459,1
39.8303404696,116.377383608,3
39.8029437762,116.393992054,1
40.1398331706,117.107593316,1
39.9441695811,116.208947525,1
40.1552960689,116.24425695,2
39.9106869253,116.413019982,221
40.0324225965,116.280261866,19
39.9010668218,116.292172974,21
39.8624681552,116.510855384,23
40.0424401077,116.498251951,6
40.0387867466,116.368404723,30
40.044490683,116.597579189,26
39.9677266438,116.400303404,56
40.075868531,116.43439071,23
39.9606886718,116.344766195,34
39.9678255813,116.435838577,59
39.8334685927,116.325703009,4
40.0316631358,116.357439392,51
39.8359318055,116.387276997,19
39.9716631447,116.501824664,16
39.7636879426,116.334156979,37
40.0053111217,116.564378266,4
39.7303885815,116.181514,7
39.8854470376,116.10326451,2
40.0147794362,116.477306592,5
40.0895373521,116.117254105,1
39.8293822006,116.418193058,3
39.7275751205,116.557198639,1
40.1973706134,116.276289434,3
40.2894395552,116.645925258,1
39.8820237581,116.70311659,1
40.0519205729,116.36940918,1
39.9123586977,116.468844278,91
40.072341354,116.359066951,21
39.9125068276,116.457130454,263
39.9857569212,116.65135514,1
39.9172359858,116.375913214,27
39.95571062,116.356813518,87
39.9288016665,116.237396031,11
40.1012423657,116.37780272,6
40.0151830822,116.457708753,12
39.9789482781,116.37860827,89
40.309422928,116.640681227,2
39.9227291926,116.202401616,34
40.1261692703,116.640930203,11
39.7911643658,116.345564826,10
39.8794875985,116.566939071,1
39.7951761968,116.510796449,14
39.9395832326,116.280920725,30
39.8413558121,116.336447645,4
39.8642619617,116.245672626,6
39.6172423436,115.907457804,1
39.7637878476,116.313014603,13
40.0338510589,116.553327627,1
39.929316011,116.36889152,24
39.8463988241,116.346710712,16
40.0439174151,116.190934064,4
39.7830008783,116.437119133,1
39.7839713122,116.41515766,5
39.9915262234,116.551105041,1
40.070527065,116.523158315,4
40.1507286241,116.656959635,1
39.9299738216,116.535885085,3
39.9119830042,116.704290834,2
39.9638264471,116.711864386,1
39.9538481199,116.693069011,1
40.2108118431,116.670976105,2
39.8651688897,116.23399011,2
40.1151300015,116.356450658,9
39.8733894625,116.355873934,14
39.9335590402,116.464693105,105
39.934120478,116.399977459,40
39.9670834882,116.489145451,91
39.9389142066,116.465839436,16
40.0475604063,116.403845839,15
39.7427675355,116.534940098,11
39.774702714,116.221033227,4
39.8965104869,116.239348395,15
39.6627525499,116.351837565,1
39.8175951081,116.589382602,7
39.7902464888,116.282604332,1
39.8507458301,116.454488695,5
39.7111674334,116.790417888,1
39.8168309469,116.418426507,3
39.7693828015,116.385623975,1
40.070932763,116.234280062,1
40.0336400354,116.177509038,1
39.8967040146,116.743394847,1
39.8664414796,116.740426232,1
39.8999766795,116.421342533,88
39.9889131434,116.498691151,29
39.7649863852,116.451059482,5
39.9934568776,116.335623445,228
40.0487792585,116.434109457,93
39.9227710837,116.573889516,29
40.0062180188,116.370302542,25
39.9946789595,116.422480574,120
40.0615238236,116.313209278,22
39.7690497389,116.168763935,8
39.9780898098,116.314412303,185
39.9336460845,116.391480745,56
39.9725497376,116.480217655,93
39.9659238513,116.310416569,37
39.9116457094,116.403737412,7
39.8783772782,116.335309635,61
39.862734278,116.433245323,52
39.9443733942,116.39168173,24
39.9165457178,116.365761818,111
39.7581791411,116.499854203,12
40.0406741087,116.473653498,5
39.7709529024,116.189150658,4
39.7593791463,116.187611954,4
40.0490258551,116.424281832,20
40.3471407878,116.667165197,1
39.9820044685,116.358075098,55
40.0762993367,116.44035325,4
40.0119472152,116.281163701,6
40.1358848727,117.111765374,2
40.3712471861,116.861094447,2
40.1092880317,116.320219651,3
39.9430286567,116.587900906,2
40.2238891608,116.201011271,2
39.675582411,116.527371962,1
39.8839476984,116.700935341,7
39.9449294558,116.521687336,53
39.9451467335,116.467147272,106
39.9667789341,116.454076018,95
39.8886788331,116.486951979,28
39.966296326,116.444879364,53
40.0271127347,116.29077968,17
39.8348723766,116.36921556,61
39.7910337134,116.425198881,12
39.9172937887,116.651601065,7
40.1214916068,116.650486223,12
39.8664524939,116.269833842,20
39.8193941699,116.413092914,11
39.7313527049,116.325487903,9
39.85147455,116.35952752,25
40.1008365172,116.425781603,1
40.1150535616,116.640084998,3
40.2011322148,116.213023685,4
39.7576281726,116.324224266,6
40.0222175602,116.444853231,10
39.8388441239,116.251836509,2
39.9998026587,116.237813217,5
39.8224106227,116.582190129,2
39.747610283,116.144902795,1
40.0885802976,116.503071525,3
39.7139817336,116.400431665,1
40.0363872613,116.570028754,1
40.0319527495,116.461568163,1
39.9351481577,116.734466022,2
39.8523618964,116.413503327,24
40.0713792319,116.336848827,75
39.9288254783,116.321967639,53
40.0001081408,116.400672098,65
39.9726811612,116.294543181,54
40.0615067966,116.216354819,3
39.895109147,116.519185531,8
40.087701346,116.554012287,13
39.9295448985,116.217900094,3
39.8685011034,116.476636338,55
39.9542371869,116.475595328,33
39.9069958436,116.69607954,4
40.0108739327,116.526571342,7
39.7310687739,116.702726053,1
40.2074970397,116.278853732,2
39.8733875165,116.650380521,4
39.8879401779,116.423255311,13
40.0379729565,116.269388139,6
39.7630455116,116.368697981,6
39.7356082678,116.138655767,18
39.9238069503,116.39316118,9
40.1083189554,116.448701871,2
39.8293774348,116.355715959,6
39.7914567032,116.337381774,24
39.7941576847,116.314843659,2
40.0333283912,116.640458499,1
40.1244403821,116.301292458,3
39.9232963003,116.123948519,1
40.1384272593,116.488412491,1
40.1858512619,116.38558496,1
40.081007526,116.527162819,1
39.8643784045,116.37717901,259
39.9488644748,116.792447374,1
39.7623311867,116.582121293,7
39.7966317862,116.490026021,22
39.9399706739,116.379799854,20
39.8843335571,116.325877895,76
39.9575582205,116.57894078,15
39.8250743111,116.298519334,70
39.8618294827,116.464179452,14
39.9251035906,116.180070032,5
39.9329245875,116.183183837,7
39.9560534222,116.456747631,88
40.0776017133,116.333942181,49
39.906654853,116.6530532,21
39.9813429811,116.210084614,1
39.7621958382,116.546207941,11
39.8894515046,116.366336182,66
40.1156987848,116.388396127,5
39.9166810714,116.695349993,14
39.7810042608,116.291341238,9
40.0422487799,116.5119557,5
39.8907678147,116.213671803,4
39.7784237928,116.565975776,3
39.7964874663,116.397415941,4
39.7192775711,116.122247564,2
39.794594367,116.449317395,1
39.7583196941,116.269384012,1
39.9939076517,116.467841452,125
39.8950529713,116.444686566,67
39.8286074908,116.466980586,22
40.0811816544,116.334260188,54
39.9280165032,116.456380221,179
40.0435444168,116.334346049,24
39.9442170728,116.453638448,21
39.9495335618,116.346326095,46
39.9565765481,116.21284196,3
40.0218136551,116.279636406,20
39.8842197256,116.345125686,42
39.8839215966,116.268947573,25
39.9898691597,116.084470185,1
40.229701895,116.236211179,15
40.1759961103,116.400961603,4
39.736288202,116.181668593,3
39.9664995182,116.280052515,19
39.8500218867,116.335322615,7
39.9614155869,116.358081985,27
40.1035521234,116.682213965,1
40.0440298336,116.292967775,15
39.9243549605,116.223149817,7
39.7729971269,116.513537145,4
40.1301973697,116.654404149,23
40.1554859985,117.111331855,1
40.1203793623,116.421288368,3
39.9368665385,116.137219184,3
40.1411397622,116.64412699,3
39.9536183877,116.202022504,1
39.8520947941,116.488506992,5
39.841426344,116.500004949,2
40.0375265544,116.517151252,2
39.6910442332,116.065885617,1
39.8632090618,116.694985401,2
39.79573359,116.592107811,1
39.8338860695,116.761073983,1
39.9455304754,116.473744063,33
39.9072952738,116.467383633,145
39.9344373262,116.270841456,8
40.1148785523,116.663322297,13
39.7655759923,116.555276307,3
39.9292092054,116.675309828,8
39.7742135272,116.188970324,3
39.8354657514,116.378223193,17
39.8565580295,116.502839366,11
40.1046237558,116.138348786,3
39.9390242749,116.674018809,6
40.0924722168,116.501593989,8
40.1221459477,117.178217658,1
40.0846452156,116.634729634,1
39.8523955621,116.70605957,1
40.0230608447,116.521483523,3
39.8848846315,116.234502871,8
40.1090596511,116.473600556,2
39.9156281527,116.631296131,3
40.0505908639,116.236488912,2
40.0855340461,116.4564767,3
39.9099883355,116.097022027,1
40.0704548863,116.543291273,3
40.1834283058,116.16627457,1
40.1040488113,116.212645299,1
40.0081100489,116.449082914,2
39.7714360824,116.221055405,1
39.7914743028,116.498729793,28
40.0106137138,116.466446174,135
39.8406313611,116.413787877,57
40.0108733782,116.529142508,23
40.0442872341,116.302639759,30
39.8853064527,116.599877499,9
39.8734781886,116.256522344,11
39.9777087435,116.49939888,59
40.1208453691,116.668381227,3
39.9936181386,116.301238873,16
39.7960924272,116.49823228,15
40.0547004296,116.405753966,7
39.9819555742,116.205474816,2
39.923803221,116.116012173,4
39.7227915193,116.06500613,1
39.797913363,116.464687188,13
39.8755260419,116.674302529,4
39.9084012683,116.183124219,3
40.0936350143,116.413718123,5
39.9503854885,116.490209375,1
39.9723945955,116.25714128,7
40.1555144441,116.629937683,1
39.7730850235,116.208696638,1
39.785293627,116.299271987,5
40.0032251199,116.429176568,1
40.1105732042,116.686023801,2
40.3911647885,116.873752773,2
40.3017562076,116.197790359,1
39.8172284425,116.173897129,1
40.0541389494,116.614068515,301
39.9115878215,116.203048826,25
39.8900279207,116.46647625,197
39.9674133364,116.246906097,13
40.0619865566,116.37761913,15
39.9509148347,116.546617314,17
39.9110969168,116.578283878,28
40.0952097193,116.587893747,2
39.8785893602,116.500640839,25
40.0819752247,116.313275753,24
39.8672590142,116.247544887,24
40.0868817459,116.259814509,11
40.0331768558,116.487496244,18
39.8684973971,116.535219113,20
40.0547045462,116.562524408,14
39.9812431274,116.254253626,2
40.3612732416,116.837134859,2
39.7358699581,116.344111605,5
39.8096027245,116.203086021,2
39.8239093352,116.282169238,12
39.9838466927,116.500726254,41
40.1184350765,116.5618191,7
40.0328209548,116.670458273,2
39.7520005662,116.379818807,2
39.7598299857,116.114237207,1
40.1721137153,116.165263943,1
40.0340933525,116.752840434,1
40.0827054808,116.460332459,1
39.6975329201,115.984267595,2
40.0613444743,116.587921048,15
39.9229897479,116.301407712,72
39.9609695341,116.487955647,52
39.8902573041,116.443217059,73
39.9115583697,116.443248511,66
39.9012394184,116.335919935,25
39.7665381553,116.417484904,1
39.9391153101,116.30261827,67
39.9566610553,116.369099761,48
40.0546580356,116.34637809,8
39.9493381866,116.200317925,10
39.7728930385,116.539307725,13
40.0659727608,116.250631123,22
39.8941851884,116.171532667,6
39.9171185026,116.292698164,31
39.7659997129,116.689450188,1
40.0995661764,116.267643112,11
39.8955547739,116.686187598,9
39.8290063063,116.474238846,18
40.0381167957,116.5361964,4
40.2220109574,116.29123927,1
40.084772411,116.746053308,1
40.2097933417,116.227304782,3
40.0173502679,116.502792767,2
39.7824306887,116.345127188,1
39.9496971086,116.226779313,5
39.9826417901,116.505607554,3
39.757095154,116.624566562,1
39.8657177196,116.516379814,1
39.6688882467,116.469700531,1
40.1704515193,116.672138475,1
39.8455363804,116.45347734,2
40.2489432127,116.488238648,1
39.9837659545,116.488243934,64
39.9665391876,116.391176676,56
40.2041845815,116.257224016,3
39.8727307708,116.553585022,6
39.8990177507,116.456712187,94
40.0661722078,116.412401029,40
40.0764094973,116.520941385,6
39.9289161923,116.434284098,82
39.9826762621,116.312558177,161
39.9338274503,116.517021703,46
39.9004543691,116.30149354,14
39.8255785938,116.464743726,7
39.8332562729,116.499646048,4
40.0871827573,116.374450739,7
39.8133284191,116.519856316,3
40.2298027189,116.629014078,1
40.0478367227,116.347736694,6
40.1421027192,116.259377535,2
39.8225790816,116.343160132,2
40.0525265676,116.234951535,4
40.0373565307,116.159022943,2
40.1147531128,116.248716509,3
39.9390573236,116.762597501,1
39.8617521328,116.323575478,3
40.0153999998,116.286893852,2
39.7660965134,116.552481741,1
39.8810794394,116.54559365,1
40.109220775,116.512705534,1
40.0286388276,116.26256447,1
39.9778924392,116.389750546,36
39.9009059401,116.412120251,107
40.0942955418,116.217270281,2
39.9452323675,116.40057551,11
40.2141398519,116.247355573,11
39.9499670864,116.436748435,44
39.9119730162,116.5420522,13
39.9561943664,116.421799137,66
39.8900627732,116.356131296,65
39.8397622825,116.367952611,44
39.9735389703,116.346905494,62
39.7188757454,116.149327625,11
40.0378515083,116.510896099,8
40.0347392083,116.403801836,25
39.8499547875,116.466216153,2
40.0431137857,116.572430907,5
39.9044833263,116.595746589,16
39.8397471115,116.348239691,7
40.0625388616,116.385205283,1
39.6933721886,115.990905493,2
39.793500434,116.110357802,1
40.047611034,116.283564783,5
40.0113547906,116.597056139,13
40.2145882421,116.202934045,1
40.0872803472,116.465444081,1
39.7767507298,116.490765197,3
40.1143273178,116.323501692,2
40.0879798832,116.35604703,12
40.0239260901,116.300320561,3
40.0886056025,116.756942068,1
40.1501945293,117.131774538,1
40.0360404528,116.444214528,2
39.8096388104,116.337535896,2
39.8412136478,116.627707779,1
40.1147581524,116.403219507,1
39.768441311,116.508116097,1
39.8043164703,116.417306257,1
39.9860370212,116.648620612,1
40.1081353613,116.623055372,2
40.0221523824,116.502281542,10
39.8124703113,116.455371047,20
40.0716198689,116.44068478,11
39.8958701524,116.414826172,90
39.9269776894,116.519437254,86
39.9024872855,116.523503541,6
40.129386552,116.493055983,5
39.9289516622,116.256997949,46
40.0291723489,116.348982507,25
39.9067158829,116.27856084,35
39.9882790983,116.441061567,7
40.092313614,116.368524208,3
39.8166902757,116.598379829,1
40.0433694743,116.257908523,8
40.1169921766,116.462788284,1
39.9077068306,116.606672781,5
39.8131986958,116.393710751,9
40.1048968706,116.292540632,13
39.9175902305,116.736093848,2
39.6993231904,116.293165925,1
40.08663743,116.571372342,1
39.8385720486,116.616952582,1
39.9556114589,116.117546161,3
39.7526515028,116.159127197,2
39.7819419386,116.508948649,2
40.1412926799,116.654117586,2
39.8220298348,116.581481444,1
39.9766051204,116.233170644,4
40.0923005386,116.34126761,4
39.9841761333,116.291665427,1
40.1329014757,116.475018717,1
39.9900952148,116.551861437,1
39.7676944987,116.447397732,1
40.1633755068,116.643198542,3
39.7162909614,116.465715603,1
40.0657446943,116.433488474,38
40.2406931255,116.271664311,1
40.0434755637,116.422701118,78
39.8674587963,116.302195361,62
39.940135971,116.391575519,31
39.7641775167,116.385781793,5
39.8897159753,116.337448799,98
39.8683389861,116.38932527,72
39.8785688878,116.39966277,33
39.962636408,116.389388065,42
39.9462688812,116.530918467,4
39.8941673989,116.227030672,17
40.1188709849,116.447627423,2
39.9118749366,116.625390291,4
39.841988504,116.356941013,20
40.0435129425,116.402393369,30
39.714957864,116.080198171,1
39.6891689404,116.06519534,2
39.7645339955,116.161143789,8
40.3581958363,115.896884432,1
39.8143368341,116.290526791,7
40.1477563894,117.108717687,2
39.9049526659,116.68728642,4
39.8298689754,116.448712615,4
40.0782301306,116.295263732,1
39.9795985455,116.292839825,1
39.8693223741,116.195901693,1
39.986395827,116.240498623,1
39.9445693284,116.489538724,1
40.0541179201,116.615710995,562
39.9003085637,116.478014895,105
39.9605633064,116.466121131,96
39.9223195924,116.266935727,31
39.7633842384,116.206057415,10
39.830129648,116.312156859,4
39.9949539593,116.455998427,86
39.9344344008,116.250496492,15
40.0554808637,116.326506533,18
39.8188546058,116.433254269,25
40.1260839719,116.668537184,5
40.0212421079,116.46576031,41
39.9505716097,116.653661652,17
39.8785656717,116.446580665,34
40.1166681867,116.4196021,4
39.9445642081,116.226403687,10
40.0662185927,116.640549996,9
40.0493121298,116.258309212,22
39.8021134604,116.346707746,2
39.9551755305,116.271096365,18
39.8796293637,116.424138125,18
39.9399541004,116.354236756,88
39.9840942379,116.468314744,38
39.833118877,116.201972775,2
40.0209169722,116.422953892,19
39.7148988379,116.318646762,3
39.9105781736,116.216642566,8
39.9119059997,116.391626349,9
40.033773003,116.667973975,5
39.8396622093,116.203641392,4
39.8563398238,116.177485729,1
39.9443848033,116.731721037,2
40.2355953936,116.192640043,1
40.001286693,116.079925198,1
39.9416287835,116.562965117,1
39.9984460944,116.517458005,4
40.0920774586,116.375322701,2
39.9673884337,116.367304023,37
39.8911749063,116.401160801,25
39.9386044716,116.498448381,73
40.1140014946,116.554511117,6
40.0102763235,116.50019071,5
39.9284064835,116.629540352,4
40.0770592832,116.348892116,28
39.8468484427,116.485801517,7
39.8681709951,116.485489717,11
40.1946800557,116.276235969,1
39.9874757252,116.357402714,18
39.7804427388,116.520951127,14
40.186456863,116.653155444,5
39.9229792801,116.608022404,35
39.9503926333,116.324145358,32
39.9973306226,116.301604846,8
39.7033237026,115.984799142,5
39.7929724706,116.153496396,1
40.1372434281,116.574411447,1
40.022134196,116.475123562,2
40.1760861577,116.66038077,2
40.1936331291,116.229911071,1
39.7505441636,116.443565359,2
39.730752554,116.094370904,1
40.1489284939,116.316553006,1
39.8395552582,116.257449492,1
40.162355957,116.821357422,1
40.013073793,116.57380796,1
40.0006400644,116.369188959,44
39.9120116692,116.597224958,36
39.9786888961,116.24719921,12
39.9017240655,116.356795524,65
40.153718393,116.298925273,3
39.8894356189,116.661570283,43
39.8791605173,116.278970936,14
40.0054617342,116.506824938,10
39.7681247377,116.321764959,5
39.7847022793,116.481598648,10
40.0707856819,116.244902781,7
40.1542115039,116.546713658,3
39.90136626,116.531427827,7
39.7965550733,116.293034841,3
39.8732404028,116.404439184,4
40.3167902435,116.641546476,5
39.9494256031,116.518900238,10
39.7359475011,116.578416342,2
39.8828183599,116.635502223,3
40.1381350127,116.435490696,1
40.1469322898,116.266088421,1
39.7510886556,116.140147319,1
40.1379123264,116.412811957,1
39.9504774525,116.313810427,60
39.9324427534,116.290631889,18
40.0281420575,116.611823979,2
39.927644687,116.311604881,46
39.9182021383,116.267273496,29
39.8299287224,116.301604032,23
40.0248308567,116.534090231,1
39.9273025056,116.486615497,12
39.8643861388,116.680089544,2
40.1546657796,116.831499336,2
40.1245444893,116.51774301,1
40.0226046611,116.436962967,13
39.8305909882,116.533670295,1
39.9496156749,116.718105193,4
39.9403292041,116.644509199,2
39.9949963156,116.531548364,2
40.1714935723,116.662422643,2
39.9404305766,116.574166584,2
39.7608005201,116.436524667,2
39.7689329833,116.5285926,1
39.9884932876,116.527973013,1
40.2054775651,116.181274983,1
39.9825302013,116.368636377,31
39.8901309019,116.232087652,11
39.9614003023,116.3801783,48
39.861295692,116.487795151,13
39.9055742046,116.563604294,63
39.9173427543,116.433654473,46
39.8813161014,116.435307237,8
39.8178981966,116.299000098,21
39.8677297532,116.309985464,5
39.8941187393,116.334702481,85
40.2235582348,116.224174666,12
39.851950403,116.443838569,34
40.0447874575,116.344697288,19
39.8571794786,116.509786438,31
39.9009915409,116.280204262,44
39.944098466,116.597051732,3
39.9612996309,116.300674388,66
40.0336886814,116.508925793,19
39.7667797108,116.162676042,2
39.8072264283,116.432704046,9
40.1364214947,116.654258736,9
39.808240789,116.578384596,5
39.7663202678,116.306624652,1
39.8779587193,116.22978186,7
39.7111145397,116.067309333,1
40.2502970378,116.245397135,1
39.7084131807,116.403271452,5
39.8104224013,116.42433316,1
40.0161627316,116.432996332,3
39.983896306,116.627303064,1
39.928567712,116.084399553,1
40.1086456743,116.252013841,1
39.9718561271,116.562590343,2
39.6653677064,116.304594804,1
39.7583322941,116.523224678,1
39.96951199,116.713134494,1
39.9775612367,116.533668438,2
39.7484165426,116.653241121,1
39.9767972109,116.346246221,40
39.9764495904,116.323495972,56
39.8996144974,116.433850896,32
40.0667273239,116.324346073,27
39.9553847014,116.497340474,42
39.7746504544,116.334491182,26
39.913053616,116.586277005,21
39.8521356682,116.510042158,14
39.9229819304,116.238723651,2
39.7520112894,116.323906502,15
40.2204366413,116.259763407,12
39.8663703619,116.680250379,2
39.7719529611,116.590550285,2
40.0570616843,116.181300526,3
39.7227889497,115.972017369,1
39.9039312748,116.735752812,4
40.1366959077,116.449632009,1
40.1270978633,116.63130256,3
40.0828132805,116.419482292,1
39.7827043559,116.424910398,1
39.7456279617,116.180156816,2
39.9167497212,116.49025537,114
39.9940879227,116.366845551,39
39.8516181185,116.699425937,4
40.0042622384,116.666642088,6
39.9066253205,116.576624484,46
40.0066677874,116.35346606,44
39.8569196821,116.258336497,7
39.874444123,116.422173925,18
40.0874419807,116.335428138,14
39.9510751165,116.35798435,84
40.0126459435,116.271004631,26
39.8623185372,116.390220304,72
40.0464637587,116.640882161,2
39.8836688592,116.683437888,27
40.2263130064,116.189807995,5
40.4631031074,115.976109403,1
40.0315450203,116.223795869,1
39.9924348694,116.316167217,22
39.7415319325,116.13882648,7
39.9073473218,116.202265841,10
39.910976605,116.323546657,17
39.9604997173,116.247933989,8
40.1036512679,116.564799161,4
39.8048489277,116.404913021,1
40.1090205371,116.210093371,2
39.8670086063,116.657823229,4
39.7869175822,116.543544668,1
40.0873487913,116.442195796,3
40.1466764175,116.55397469,2
39.8598240364,116.186181462,1
40.1767318874,116.646878663,2
40.020874606,116.401828793,1
40.0785909294,116.593310132,21
39.9498812079,116.423412118,80
39.9228787416,116.41099149,68
39.7464142177,116.505561823,2
39.9610808918,116.500898841,75
39.8683072553,116.337010114,5
39.9279930539,116.423695729,46
39.7731009929,116.364440937,6
39.8040233587,116.434575836,8
39.9666153448,116.292987837,47
40.0006404929,116.346347131,33
40.0982484289,116.303393395,15
39.900774756,116.676214934,6
40.0160187534,116.422872197,10
39.9071155208,116.312681574,23
39.8352376862,116.587833648,1
39.7553139895,116.400358821,3
40.032890245,116.435700398,15
40.2437999303,116.138643993,2
39.9512900102,116.559933641,2
39.8117392428,116.160842113,6
39.9882255012,116.62546823,2
40.0983933824,116.221615396,2
40.0245517227,116.464004842,1
39.9439493773,116.104149127,3
39.9194087507,116.676943937,3
39.8600459627,116.652421913,1
40.1559231445,116.663937986,2
39.9021207211,116.124864381,1
39.9772328247,116.479527367,135
39.9197556539,116.235518055,12
39.9383137385,116.45404044,155
39.9497449713,116.413857737,115
39.9264978084,116.59930506,126
39.9929926167,116.613373982,7
39.8241848682,116.509215316,10
39.9839717245,116.335025613,47
39.9614008011,116.271487973,21
39.9331766249,116.379359562,30
40.0436857634,116.47914892,4
39.9615050768,116.335514196,46
39.8888959197,116.654618254,62
39.9552290102,116.390882495,40
39.8247477441,116.452490529,6
40.0395254039,116.290600637,7
39.8387192524,116.240224253,3
39.7575501547,116.214405053,11
39.9395116531,116.271491658,20
40.2206012764,116.216091124,3
40.0579595618,116.164317167,4
40.3694454671,116.851423123,1
40.1513599895,116.287263987,1
39.8291322736,116.398724785,5
40.2912518844,116.617194951,1
40.349050489,116.686043535,1
39.7159018763,116.284078299,1
